ranking_date,rank,player,points
01/01/2024,1,104925,11245
01/01/2024,2,207989,8855
01/01/2024,3,106421,7600
01/01/2024,4,206173,6490
01/01/2024,5,126094,4805
01/01/2024,6,126774,4235
01/01/2024,7,100644,3985
01/01/2024,8,208029,3660
01/01/2024,9,128034,3245
01/01/2024,10,126203,3100
01/01/2024,11,134770,2825
01/01/2024,12,200282,2740
01/01/2024,13,126205,2665
01/01/2024,14,105777,2570
01/01/2024,15,111575,2520
01/01/2024,16,126207,2310
01/01/2024,17,210097,2145
01/01/2024,18,111815,1940
01/01/2024,19,111797,1810
01/01/2024,20,200005,1765
01/01/2024,21,202103,1760
01/01/2024,22,105173,1755
01/01/2024,23,134868,1640
01/01/2024,24,200624,1530
01/01/2024,25,105526,1522
01/01/2024,26,200221,1495
01/01/2024,27,207518,1470
01/01/2024,28,202104,1435
01/01/2024,29,200000,1425
01/01/2024,30,144869,1375
01/01/2024,31,208103,1372
01/01/2024,32,122330,1369
01/01/2024,33,111513,1285
01/01/2024,34,111153,1235
01/01/2024,35,106234,1193
01/01/2024,36,209950,1158
01/01/2024,37,106432,1135
01/01/2024,38,105554,1131
01/01/2024,39,126128,1122
01/01/2024,40,200615,1084
01/01/2024,41,111456,1055
01/01/2024,42,104918,1050
01/01/2024,43,124116,1048
01/01/2024,44,208286,1021
01/01/2024,45,126845,1012
01/01/2024,46,132283,990
01/01/2024,47,106415,955
01/01/2024,48,207686,947
01/01/2024,49,104527,942
01/01/2024,50,122298,930
01/01/2024,51,105870,914
01/01/2024,52,105583,914
01/01/2024,53,200670,910
01/01/2024,54,200175,905
01/01/2024,55,111442,902
01/01/2024,56,127157,891
01/01/2024,57,105138,886
01/01/2024,58,111190,885
01/01/2024,59,105916,882
01/01/2024,60,106218,860
01/01/2024,61,207733,856
01/01/2024,62,126846,835
01/01/2024,63,106148,816
01/01/2024,64,206681,805
01/01/2024,65,106423,802
01/01/2024,66,132686,799
01/01/2024,67,200303,791
01/01/2024,68,106331,780
01/01/2024,69,200325,771
01/01/2024,70,106398,763
01/01/2024,71,208014,744
01/01/2024,72,127339,744
01/01/2024,73,126127,738
01/01/2024,74,104792,737
01/01/2024,75,106121,737
01/01/2024,76,104755,735
01/01/2024,77,136440,733
01/01/2024,78,207830,722
01/01/2024,79,205734,718
01/01/2024,80,126523,715
01/01/2024,81,124186,714
01/01/2024,82,106426,709
01/01/2024,83,122669,709
01/01/2024,84,106296,708
01/01/2024,85,126214,707
01/01/2024,86,144719,706
01/01/2024,87,106005,699
01/01/2024,88,105948,694
01/01/2024,89,105077,688
01/01/2024,90,209414,687
01/01/2024,91,109739,683
01/01/2024,92,126610,682
01/01/2024,93,123755,676
01/01/2024,94,208502,673
01/01/2024,95,207680,668
01/01/2024,96,126239,656
01/01/2024,97,210506,653
01/01/2024,98,106233,652
01/01/2024,99,133297,646
01/01/2024,100,111460,640
01/01/2024,101,207925,640
01/01/2024,102,106186,631
01/01/2024,103,144642,630
01/01/2024,104,200384,621
01/01/2024,105,111581,615
01/01/2024,106,124079,612
01/01/2024,107,104926,608
01/01/2024,108,106281,608
01/01/2024,109,133430,605
01/01/2024,110,206499,604
01/01/2024,111,105676,599
01/01/2024,112,106198,597
01/01/2024,113,209098,582
01/01/2024,114,106043,576
01/01/2024,115,200514,575
01/01/2024,116,105902,573
01/01/2024,117,105332,557
01/01/2024,118,208134,549
01/01/2024,119,144684,547
01/01/2024,120,207678,543
01/01/2024,121,200059,541
01/01/2024,122,106329,539
01/01/2024,123,202058,537
01/01/2024,124,207681,533
01/01/2024,125,208363,522
01/01/2024,126,202195,519
01/01/2024,127,200436,514
01/01/2024,128,209260,510
01/01/2024,129,200267,508
01/01/2024,130,209070,508
01/01/2024,131,105430,502
01/01/2024,132,200240,498
01/01/2024,133,144895,484
01/01/2024,134,206909,484
01/01/2024,135,206748,480
01/01/2024,136,144707,469
01/01/2024,137,208278,457
01/01/2024,138,111576,450
01/01/2024,139,209113,446
01/01/2024,140,144750,443
01/01/2024,141,200116,442
01/01/2024,142,208260,441
01/01/2024,143,207213,434
01/01/2024,144,209279,431
01/01/2024,145,106167,428
01/01/2024,146,209209,426
01/01/2024,147,207182,424
01/01/2024,148,200335,423
01/01/2024,149,200647,423
01/01/2024,150,117360,419
01/01/2024,151,133975,418
01/01/2024,152,134457,416
01/01/2024,153,207411,413
01/01/2024,154,106000,410
01/01/2024,155,111200,407
01/01/2024,156,126504,407
01/01/2024,157,131934,397
01/01/2024,158,208010,393
01/01/2024,159,105938,393
01/01/2024,160,123828,391
01/01/2024,161,208169,390
01/01/2024,162,133835,387
01/01/2024,163,106045,386
01/01/2024,164,207494,385
01/01/2024,165,110602,384
01/01/2024,166,208004,373
01/01/2024,167,210150,369
01/01/2024,168,202261,365
01/01/2024,169,126964,360
01/01/2024,170,127760,359
01/01/2024,171,207352,358
01/01/2024,172,104545,355
01/01/2024,173,144821,352
01/01/2024,174,144645,351
01/01/2024,175,126409,349
01/01/2024,176,200443,348
01/01/2024,177,208233,346
01/01/2024,178,209976,345
01/01/2024,179,126106,345
01/01/2024,180,123809,341
01/01/2024,181,209263,340
01/01/2024,182,125802,336
01/01/2024,183,209992,335
01/01/2024,184,208882,330
01/01/2024,185,134840,326
01/01/2024,186,106293,325
01/01/2024,187,209405,324
01/01/2024,188,202320,319
01/01/2024,189,123921,319
01/01/2024,190,106187,318
01/01/2024,191,200516,316
01/01/2024,192,105550,315
01/01/2024,193,105882,315
01/01/2024,194,144817,312
01/01/2024,195,209406,311
01/01/2024,196,126952,308
01/01/2024,197,105943,307
01/01/2024,198,106065,306
01/01/2024,199,126129,306
01/01/2024,200,208859,304
01/01/2024,201,200484,302
01/01/2024,202,200008,300
01/01/2024,203,105561,300
01/01/2024,204,126555,299
01/01/2024,205,208659,297
01/01/2024,206,210136,297
01/01/2024,207,106220,296
01/01/2024,208,200318,295
01/01/2024,209,144973,295
01/01/2024,210,111505,294
01/01/2024,211,202122,294
01/01/2024,212,106162,293
01/01/2024,213,106177,293
01/01/2024,214,208021,292
01/01/2024,215,200610,292
01/01/2024,216,200218,291
01/01/2024,217,123983,290
01/01/2024,218,109686,290
01/01/2024,219,200259,287
01/01/2024,220,105011,286
01/01/2024,221,106310,286
01/01/2024,222,207608,285
01/01/2024,223,208353,285
01/01/2024,224,123819,283
01/01/2024,225,111454,280
01/01/2024,226,105836,278
01/01/2024,227,200096,277
01/01/2024,228,106075,276
01/01/2024,229,105477,276
01/01/2024,230,105911,275
01/01/2024,231,206904,275
01/01/2024,232,109303,270
01/01/2024,233,144972,268
01/01/2024,234,144826,268
01/01/2024,235,202127,267
01/01/2024,236,209903,266
01/01/2024,237,105732,265
01/01/2024,238,105575,263
01/01/2024,239,106362,261
01/01/2024,240,144918,261
01/01/2024,241,105449,256
01/01/2024,242,105487,255
01/01/2024,243,208279,255
01/01/2024,244,105359,252
01/01/2024,245,134472,249
01/01/2024,246,210012,247
01/01/2024,247,208361,243
01/01/2024,248,105819,243
01/01/2024,249,105311,241
01/01/2024,250,131911,241
01/01/2024,251,105539,241
01/01/2024,252,106214,239
01/01/2024,253,208597,238
01/01/2024,254,126663,237
01/01/2024,255,117356,235
01/01/2024,256,208013,234
01/01/2024,257,102093,233
01/01/2024,258,126125,229
01/01/2024,259,105815,227
01/01/2024,260,209262,225
01/01/2024,261,209857,223
01/01/2024,262,202260,223
01/01/2024,263,200587,222
01/01/2024,264,105062,222
01/01/2024,265,202090,221
01/01/2024,266,200188,220
01/01/2024,267,207660,219
01/01/2024,268,207729,218
01/01/2024,269,106034,218
01/01/2024,270,208230,218
01/01/2024,271,209259,216
01/01/2024,272,210317,216
01/01/2024,273,111805,216
01/01/2024,274,200216,215
01/01/2024,275,207415,214
01/01/2024,276,208316,213
01/01/2024,277,210340,210
01/01/2024,278,106288,210
01/01/2024,279,105643,208
01/01/2024,280,200473,208
01/01/2024,281,105952,206
01/01/2024,282,121411,204
01/01/2024,283,106283,203
01/01/2024,284,123961,202
01/01/2024,285,133872,197
01/01/2024,286,126107,195
01/01/2024,287,105841,193
01/01/2024,288,106099,193
01/01/2024,289,106071,192
01/01/2024,290,105814,191
01/01/2024,291,207663,189
01/01/2024,292,106210,188
01/01/2024,293,208854,184
01/01/2024,294,105877,183
01/01/2024,295,208071,182
01/01/2024,296,200416,182
01/01/2024,297,202385,180
01/01/2024,298,202358,179
01/01/2024,299,202359,179
01/01/2024,300,202398,179
01/01/2024,301,200273,178
01/01/2024,302,208119,176
01/01/2024,303,209506,174
01/01/2024,304,200385,174
01/01/2024,305,123795,173
01/01/2024,306,106291,173
01/01/2024,307,111187,173
01/01/2024,308,200255,173
01/01/2024,309,106137,172
01/01/2024,310,210120,172
01/01/2024,311,105936,171
01/01/2024,312,208223,171
01/01/2024,313,206307,170
01/01/2024,314,105731,170
01/01/2024,315,105613,169
01/01/2024,316,208343,167
01/01/2024,317,105683,165
01/01/2024,318,126120,165
01/01/2024,319,209182,164
01/01/2024,320,105657,162
01/01/2024,321,110751,162
01/01/2024,322,111515,160
01/01/2024,323,131905,160
01/01/2024,324,209874,159
01/01/2024,325,209928,159
01/01/2024,326,138821,158
01/01/2024,327,200277,157
01/01/2024,328,106109,156
01/01/2024,329,106298,155
01/01/2024,330,208158,155
01/01/2024,331,209911,155
01/01/2024,332,122554,155
01/01/2024,333,207231,154
01/01/2024,334,207129,152
01/01/2024,335,106393,152
01/01/2024,336,105671,151
01/01/2024,337,126149,150
01/01/2024,338,144985,149
01/01/2024,339,106292,149
01/01/2024,340,106203,148
01/01/2024,341,207799,148
01/01/2024,342,117357,148
01/01/2024,343,210319,146
01/01/2024,344,207785,146
01/01/2024,345,207669,146
01/01/2024,346,202199,146
01/01/2024,347,144923,146
01/01/2024,348,209385,145
01/01/2024,349,202420,145
01/01/2024,350,210696,144
01/01/2024,351,202262,144
01/01/2024,352,105453,143
01/01/2024,353,209920,143
01/01/2024,354,207186,140
01/01/2024,355,111761,140
01/01/2024,356,202181,139
01/01/2024,357,111788,139
01/01/2024,358,105633,138
01/01/2024,359,126535,136
01/01/2024,360,208913,135
01/01/2024,361,134329,135
01/01/2024,362,206470,134
01/01/2024,363,123847,134
01/01/2024,364,208069,134
01/01/2024,365,200418,134
01/01/2024,366,106078,132
01/01/2024,367,126939,132
01/01/2024,368,126197,131
01/01/2024,369,105339,130
01/01/2024,370,209147,130
01/01/2024,371,208269,130
01/01/2024,372,208300,130
01/01/2024,373,126283,129
01/01/2024,374,200572,129
01/01/2024,375,200711,129
01/01/2024,376,144870,129
01/01/2024,377,105376,128
01/01/2024,378,210498,128
01/01/2024,379,200677,128
01/01/2024,380,209875,128
01/01/2024,381,206889,127
01/01/2024,382,200266,127
01/01/2024,383,129911,127
01/01/2024,384,132744,127
01/01/2024,385,144915,126
01/01/2024,386,209916,126
01/01/2024,387,132052,126
01/01/2024,388,111436,126
01/01/2024,389,134389,124
01/01/2024,390,134794,124
01/01/2024,391,209322,123
01/01/2024,392,117361,123
01/01/2024,393,126652,122
01/01/2024,394,208322,122
01/01/2024,395,207546,122
01/01/2024,396,209863,121
01/01/2024,397,209284,120
01/01/2024,398,106172,120
01/01/2024,399,209080,119
01/01/2024,400,124040,119
01/01/2024,401,200329,118
01/01/2024,402,123896,117
01/01/2024,403,132831,117
01/01/2024,404,109734,117
01/01/2024,405,124014,116
01/01/2024,406,105655,116
01/01/2024,407,106425,115
01/01/2024,408,123993,115
01/01/2024,409,200495,115
01/01/2024,410,202277,115
01/01/2024,411,210262,115
01/01/2024,412,110618,115
01/01/2024,413,106380,114
01/01/2024,414,208046,113
01/01/2024,415,200390,113
01/01/2024,416,208852,113
01/01/2024,417,126177,111
01/01/2024,418,208293,111
01/01/2024,419,122078,110
01/01/2024,420,209518,110
01/01/2024,421,105181,109
01/01/2024,422,200075,109
01/01/2024,423,126533,107
01/01/2024,424,144748,107
01/01/2024,425,109054,106
01/01/2024,426,200632,106
01/01/2024,427,145001,105
01/01/2024,428,132842,105
01/01/2024,429,127123,105
01/01/2024,430,209164,105
01/01/2024,431,207992,104
01/01/2024,432,207760,104
01/01/2024,433,126340,104
01/01/2024,434,210425,103
01/01/2024,435,111806,103
01/01/2024,436,105638,102
01/01/2024,437,105577,100
01/01/2024,438,200265,100
01/01/2024,439,206589,100
01/01/2024,440,106368,99
01/01/2024,441,210005,99
01/01/2024,442,207490,99
01/01/2024,443,208144,99
01/01/2024,444,209860,98
01/01/2024,445,105180,98
01/01/2024,446,126208,98
01/01/2024,447,200346,98
01/01/2024,448,209254,98
01/01/2024,449,209850,98
01/01/2024,450,212021,97
01/01/2024,451,207732,97
01/01/2024,452,105641,96
01/01/2024,453,210530,96
01/01/2024,454,209849,96
01/01/2024,455,104907,95
01/01/2024,456,202354,95
01/01/2024,457,210460,94
01/01/2024,458,106072,94
01/01/2024,459,209131,94
01/01/2024,460,210377,94
01/01/2024,461,134068,93
01/01/2024,462,210338,93
01/01/2024,463,106290,93
01/01/2024,464,208389,92
01/01/2024,465,210389,92
01/01/2024,466,200031,92
01/01/2024,467,207704,92
01/01/2024,468,208182,92
01/01/2024,469,103852,90
01/01/2024,470,207764,90
01/01/2024,471,202235,89
01/01/2024,472,209226,88
01/01/2024,473,208518,88
01/01/2024,474,209142,88
01/01/2024,475,106057,87
01/01/2024,476,208143,87
01/01/2024,477,202209,87
01/01/2024,478,210558,87
01/01/2024,479,104932,86
01/01/2024,480,126573,86
01/01/2024,481,207491,86
01/01/2024,482,209997,86
01/01/2024,483,200070,86
01/01/2024,484,105357,85
01/01/2024,485,208843,85
01/01/2024,486,144751,85
01/01/2024,487,200024,85
01/01/2024,488,208189,85
01/01/2024,489,131951,84
01/01/2024,490,210044,84
01/01/2024,491,211451,83
01/01/2024,492,210052,83
01/01/2024,493,132054,82
01/01/2024,494,200713,82
01/01/2024,495,200184,82
01/01/2024,496,105155,81
01/01/2024,497,212063,81
01/01/2024,498,206750,81
01/01/2024,499,210297,81
01/01/2024,500,207484,81
01/01/2024,501,133820,80
01/01/2024,502,200270,80
01/01/2024,503,106206,79
01/01/2024,504,200666,79
01/01/2024,505,210017,79
01/01/2024,506,208540,78
01/01/2024,507,200611,78
01/01/2024,508,200321,78
01/01/2024,509,207605,78
01/01/2024,510,106044,77
01/01/2024,511,211346,77
01/01/2024,512,209907,77
01/01/2024,513,126612,77
01/01/2024,514,122113,77
01/01/2024,515,105985,76
01/01/2024,516,208457,76
01/01/2024,517,144656,76
01/01/2024,518,208055,76
01/01/2024,519,133997,76
01/01/2024,520,106174,76
01/01/2024,521,117359,76
01/01/2024,522,104871,75
01/01/2024,523,202400,75
01/01/2024,524,104810,75
01/01/2024,525,210053,75
01/01/2024,526,210200,75
01/01/2024,527,207412,75
01/01/2024,528,106328,74
01/01/2024,529,208285,74
01/01/2024,530,210107,74
01/01/2024,531,106232,73
01/01/2024,532,208104,73
01/01/2024,533,210116,72
01/01/2024,534,210556,72
01/01/2024,535,126156,72
01/01/2024,536,202271,72
01/01/2024,537,200263,72
01/01/2024,538,106378,71
01/01/2024,539,105595,71
01/01/2024,540,207797,71
01/01/2024,541,210042,71
01/01/2024,542,209203,70
01/01/2024,543,209918,70
01/01/2024,544,207784,70
01/01/2024,545,210398,70
01/01/2024,546,106352,70
01/01/2024,547,200366,69
01/01/2024,548,210142,69
01/01/2024,549,209251,69
01/01/2024,550,207527,69
01/01/2024,551,106040,68
01/01/2024,552,210105,68
01/01/2024,553,208049,68
01/01/2024,554,200661,68
01/01/2024,555,210039,68
01/01/2024,556,124154,68
01/01/2024,557,209318,68
01/01/2024,558,126723,68
01/01/2024,559,209355,67
01/01/2024,560,210220,67
01/01/2024,561,209302,67
01/01/2024,562,122533,67
01/01/2024,563,126206,67
01/01/2024,564,105589,66
01/01/2024,565,210254,66
01/01/2024,566,144970,66
01/01/2024,567,209512,65
01/01/2024,568,105967,65
01/01/2024,569,209983,65
01/01/2024,570,207134,65
01/01/2024,571,105700,64
01/01/2024,572,126337,64
01/01/2024,573,211594,64
01/01/2024,574,210098,64
01/01/2024,575,106348,63
01/01/2024,576,208819,63
01/01/2024,577,200538,63
01/01/2024,578,208126,63
01/01/2024,579,144672,63
01/01/2024,580,122536,63
01/01/2024,581,206325,62
01/01/2024,582,207736,62
01/01/2024,583,209931,62
01/01/2024,584,132999,62
01/01/2024,585,207969,61
01/01/2024,586,202146,61
01/01/2024,587,105810,61
01/01/2024,588,202113,61
01/01/2024,589,202333,61
01/01/2024,590,105868,61
01/01/2024,591,207535,60
01/01/2024,592,200309,60
01/01/2024,593,202147,60
01/01/2024,594,206467,60
01/01/2024,595,210119,59
01/01/2024,596,105932,58
01/01/2024,597,121531,58
01/01/2024,598,202075,58
01/01/2024,599,132041,58
01/01/2024,600,206867,58
01/01/2024,601,134384,58
01/01/2024,602,200550,58
01/01/2024,603,144907,58
01/01/2024,604,106228,57
01/01/2024,605,210093,57
01/01/2024,606,200220,57
01/01/2024,607,105807,56
01/01/2024,608,209120,56
01/01/2024,609,210203,56
01/01/2024,610,210178,56
01/01/2024,611,207815,56
01/01/2024,612,202356,56
01/01/2024,613,200014,56
01/01/2024,614,202150,56
01/01/2024,615,208078,56
01/01/2024,616,133794,56
01/01/2024,617,207987,56
01/01/2024,618,202126,55
01/01/2024,619,207957,55
01/01/2024,620,208364,55
01/01/2024,621,122548,54
01/01/2024,622,207793,54
01/01/2024,623,105806,54
01/01/2024,624,200462,54
01/01/2024,625,105514,54
01/01/2024,626,132837,54
01/01/2024,627,207239,54
01/01/2024,628,104731,53
01/01/2024,629,207993,53
01/01/2024,630,202342,53
01/01/2024,631,210320,53
01/01/2024,632,105147,53
01/01/2024,633,106168,53
01/01/2024,634,206553,53
01/01/2024,635,209128,53
01/01/2024,636,209985,53
01/01/2024,637,208876,52
01/01/2024,638,206662,52
01/01/2024,639,209088,51
01/01/2024,640,126335,51
01/01/2024,641,200310,51
01/01/2024,642,210382,51
01/01/2024,643,132573,51
01/01/2024,644,126536,51
01/01/2024,645,210167,51
01/01/2024,646,207985,50
01/01/2024,647,208210,50
01/01/2024,648,210028,50
01/01/2024,649,132209,50
01/01/2024,650,122352,50
01/01/2024,651,104269,49
01/01/2024,652,109318,49
01/01/2024,653,207171,49
01/01/2024,654,209898,49
01/01/2024,655,200445,49
01/01/2024,656,126185,48
01/01/2024,657,202168,48
01/01/2024,658,210553,48
01/01/2024,659,210318,47
01/01/2024,660,208909,47
01/01/2024,661,209936,47
01/01/2024,662,208937,47
01/01/2024,663,144744,47
01/01/2024,664,207130,47
01/01/2024,665,200595,47
01/01/2024,666,200672,47
01/01/2024,667,131999,46
01/01/2024,668,202269,46
01/01/2024,669,206703,46
01/01/2024,670,200748,46
01/01/2024,671,111801,46
01/01/2024,672,104745,45
01/01/2024,673,106058,45
01/01/2024,674,105227,45
01/01/2024,675,106322,45
01/01/2024,676,123818,45
01/01/2024,677,207728,45
01/01/2024,678,106227,44
01/01/2024,679,138485,44
01/01/2024,680,200665,44
01/01/2024,681,207340,44
01/01/2024,682,207708,44
01/01/2024,683,200307,44
01/01/2024,684,202227,43
01/01/2024,685,209337,43
01/01/2024,686,117353,43
01/01/2024,687,200331,43
01/01/2024,688,209899,42
01/01/2024,689,105217,42
01/01/2024,690,210285,42
01/01/2024,691,208024,42
01/01/2024,692,210370,41
01/01/2024,693,210202,41
01/01/2024,694,212077,41
01/01/2024,695,208257,41
01/01/2024,696,208586,41
01/01/2024,697,134383,41
01/01/2024,698,144924,40
01/01/2024,699,106216,40
01/01/2024,700,133014,40
01/01/2024,701,211639,40
01/01/2024,702,200030,40
01/01/2024,703,208605,40
01/01/2024,704,202089,40
01/01/2024,705,210505,39
01/01/2024,706,209890,39
01/01/2024,707,105432,38
01/01/2024,708,209957,38
01/01/2024,709,200095,38
01/01/2024,710,205842,38
01/01/2024,711,144716,38
01/01/2024,712,208334,38
01/01/2024,713,125847,38
01/01/2024,714,134276,38
01/01/2024,715,200374,37
01/01/2024,716,208485,37
01/01/2024,717,206923,37
01/01/2024,718,202183,37
01/01/2024,719,200671,37
01/01/2024,720,209937,37
01/01/2024,721,207884,37
01/01/2024,722,206600,37
01/01/2024,723,208421,36
01/01/2024,724,206912,36
01/01/2024,725,210292,36
01/01/2024,726,210468,36
01/01/2024,727,207383,36
01/01/2024,728,210223,36
01/01/2024,729,209865,36
01/01/2024,730,211663,35
01/01/2024,731,207609,35
01/01/2024,732,208118,35
01/01/2024,733,208902,35
01/01/2024,734,105063,35
01/01/2024,735,209904,35
01/01/2024,736,207431,35
01/01/2024,737,209038,35
01/01/2024,738,208253,35
01/01/2024,739,209887,35
01/01/2024,740,209943,35
01/01/2024,741,209871,35
01/01/2024,742,200297,35
01/01/2024,743,126183,34
01/01/2024,744,202197,34
01/01/2024,745,125842,34
01/01/2024,746,211577,34
01/01/2024,747,209140,34
01/01/2024,748,211500,34
01/01/2024,749,144927,33
01/01/2024,750,212134,33
01/01/2024,751,207139,33
01/01/2024,752,207657,33
01/01/2024,753,210399,33
01/01/2024,754,133857,33
01/01/2024,755,202247,33
01/01/2024,756,207249,33
01/01/2024,757,104898,32
01/01/2024,758,202475,32
01/01/2024,759,210132,32
01/01/2024,760,208153,32
01/01/2024,761,125804,32
01/01/2024,762,105060,32
01/01/2024,763,208166,32
01/01/2024,764,207998,32
01/01/2024,765,209416,32
01/01/2024,766,200207,32
01/01/2024,767,208147,32
01/01/2024,768,209278,32
01/01/2024,769,202169,32
01/01/2024,770,208025,31
01/01/2024,771,126165,31
01/01/2024,772,202106,31
01/01/2024,773,207803,31
01/01/2024,774,209068,30
01/01/2024,775,209952,30
01/01/2024,776,126209,30
01/01/2024,777,207343,30
01/01/2024,778,202052,30
01/01/2024,779,202239,30
01/01/2024,780,200197,30
01/01/2024,781,133945,30
01/01/2024,782,126237,29
01/01/2024,783,210034,29
01/01/2024,784,202324,29
01/01/2024,785,209986,29
01/01/2024,786,144681,29
01/01/2024,787,210121,29
01/01/2024,788,111578,28
01/01/2024,789,122571,28
01/01/2024,790,134518,28
01/01/2024,791,210077,28
01/01/2024,792,208328,28
01/01/2024,793,134490,28
01/01/2024,794,200441,28
01/01/2024,795,210000,28
01/01/2024,796,110748,27
01/01/2024,797,209951,27
01/01/2024,798,202155,27
01/01/2024,799,133045,27
01/01/2024,800,111197,27
01/01/2024,801,125806,27
01/01/2024,802,209910,27
01/01/2024,803,106249,27
01/01/2024,804,208168,27
01/01/2024,805,202154,26
01/01/2024,806,210048,26
01/01/2024,807,105747,26
01/01/2024,808,208092,26
01/01/2024,809,209399,26
01/01/2024,810,144932,26
01/01/2024,811,200003,25
01/01/2024,812,122495,25
01/01/2024,813,212193,25
01/01/2024,814,106327,25
01/01/2024,815,200228,25
01/01/2024,816,208262,25
01/01/2024,817,106410,25
01/01/2024,818,210252,25
01/01/2024,819,126762,25
01/01/2024,820,206448,25
01/01/2024,821,211394,25
01/01/2024,822,208057,25
01/01/2024,823,211324,25
01/01/2024,824,133933,24
01/01/2024,825,105406,24
01/01/2024,826,104655,24
01/01/2024,827,209325,24
01/01/2024,828,207831,24
01/01/2024,829,210668,24
01/01/2024,830,202148,24
01/01/2024,831,200214,24
01/01/2024,832,207183,24
01/01/2024,833,200253,24
01/01/2024,834,209360,24
01/01/2024,835,208117,23
01/01/2024,836,126442,23
01/01/2024,837,207776,23
01/01/2024,838,124001,23
01/01/2024,839,202357,23
01/01/2024,840,207200,23
01/01/2024,841,144731,23
01/01/2024,842,122351,23
01/01/2024,843,202349,23
01/01/2024,844,207595,23
01/01/2024,845,210250,23
01/01/2024,846,106397,23
01/01/2024,847,210054,23
01/01/2024,848,105992,22
01/01/2024,849,200247,22
01/01/2024,850,200479,22
01/01/2024,851,209163,22
01/01/2024,852,209185,22
01/01/2024,853,208204,22
01/01/2024,854,209984,22
01/01/2024,855,200639,22
01/01/2024,856,121264,22
01/01/2024,857,109694,22
01/01/2024,858,106264,21
01/01/2024,858,209204,21
01/01/2024,860,208653,21
01/01/2024,861,210721,21
01/01/2024,862,210645,21
01/01/2024,863,126720,21
01/01/2024,864,106254,21
01/01/2024,865,200455,21
01/01/2024,866,210115,21
01/01/2024,867,126193,21
01/01/2024,868,209233,21
01/01/2024,869,202378,21
01/01/2024,870,111569,21
01/01/2024,871,126646,20
01/01/2024,872,210473,20
01/01/2024,873,111790,20
01/01/2024,874,105614,20
01/01/2024,875,208044,20
01/01/2024,876,206805,20
01/01/2024,877,209079,20
01/01/2024,878,207601,20
01/01/2024,879,211609,20
01/01/2024,880,144841,20
01/01/2024,881,133844,20
01/01/2024,882,210214,20
01/01/2024,883,104586,20
01/01/2024,884,210672,20
01/01/2024,885,209889,20
01/01/2024,886,106223,20
01/01/2024,887,210129,20
01/01/2024,888,211407,20
01/01/2024,889,210472,19
01/01/2024,890,200703,19
01/01/2024,891,208240,19
01/01/2024,892,210513,19
01/01/2024,893,211333,19
01/01/2024,894,134405,19
01/01/2024,895,210613,19
01/01/2024,896,202275,19
01/01/2024,897,105208,18
01/01/2024,898,211707,18
01/01/2024,899,207854,18
01/01/2024,900,111579,18
01/01/2024,901,208411,18
01/01/2024,902,202363,18
01/01/2024,903,212044,18
01/01/2024,904,132374,18
01/01/2024,905,208132,18
01/01/2024,906,200452,18
01/01/2024,907,200145,18
01/01/2024,908,206746,18
01/01/2024,909,210412,18
01/01/2024,910,202440,18
01/01/2024,911,208265,18
01/01/2024,912,202124,18
01/01/2024,913,208296,17
01/01/2024,914,104897,17
01/01/2024,915,210025,17
01/01/2024,916,211902,17
01/01/2024,917,200013,17
01/01/2024,918,209867,17
01/01/2024,919,208467,17
01/01/2024,920,209258,17
01/01/2024,921,126715,17
01/01/2024,922,210707,17
01/01/2024,923,123768,17
01/01/2024,924,200176,17
01/01/2024,925,111568,17
01/01/2024,926,210145,17
01/01/2024,927,210159,17
01/01/2024,928,210393,17
01/01/2024,929,212222,16
01/01/2024,930,111459,16
01/01/2024,931,200039,16
01/01/2024,932,209095,16
01/01/2024,933,208350,16
01/01/2024,934,209972,16
01/01/2024,935,211774,16
01/01/2024,936,210155,16
01/01/2024,937,207606,16
01/01/2024,938,210408,16
01/01/2024,939,144788,16
01/01/2024,940,200437,16
01/01/2024,941,206749,16
01/01/2024,942,207547,16
01/01/2024,943,209882,15
01/01/2024,944,209326,15
01/01/2024,945,110774,15
01/01/2024,946,209191,15
01/01/2024,947,210536,15
01/01/2024,948,208051,15
01/01/2024,949,208844,15
01/01/2024,950,126878,15
01/01/2024,951,207502,15
01/01/2024,952,208152,15
01/01/2024,953,200574,15
01/01/2024,954,134087,15
01/01/2024,955,209158,15
01/01/2024,956,208861,15
01/01/2024,957,200276,15
01/01/2024,958,202346,15
01/01/2024,959,210294,14
01/01/2024,959,209067,14
01/01/2024,961,122474,14
01/01/2024,962,105871,14
01/01/2024,963,210163,14
01/01/2024,964,207135,14
01/01/2024,965,209913,14
01/01/2024,966,202421,14
01/01/2024,967,105944,14
01/01/2024,968,106064,14
01/01/2024,969,200142,14
01/01/2024,970,208063,14
01/01/2024,971,208142,14
01/01/2024,972,125825,14
01/01/2024,973,200224,14
01/01/2024,974,210141,14
01/01/2024,975,207557,14
01/01/2024,976,207439,14
01/01/2024,977,200108,13
01/01/2024,978,212269,13
01/01/2024,979,208444,13
01/01/2024,980,211411,13
01/01/2024,981,144814,13
01/01/2024,982,210682,13
01/01/2024,983,120922,13
01/01/2024,984,144823,13
01/01/2024,985,210157,13
01/01/2024,986,207893,13
01/01/2024,987,126135,13
01/01/2024,988,208006,13
01/01/2024,989,207463,13
01/01/2024,990,208840,13
01/01/2024,991,200330,13
01/01/2024,992,132584,13
01/01/2024,993,210265,13
01/01/2024,994,117362,13
01/01/2024,995,212259,12
01/01/2024,996,134120,12
01/01/2024,997,208386,12
01/01/2024,998,209156,12
01/01/2024,999,202299,12
01/01/2024,1000,211627,12
01/01/2024,1001,123855,12
01/01/2024,1002,212130,12
01/01/2024,1003,210745,12
01/01/2024,1004,209391,12
01/01/2024,1005,211628,12
01/01/2024,1006,211504,12
01/01/2024,1007,126328,12
01/01/2024,1008,210533,12
01/01/2024,1009,210055,12
01/01/2024,1010,209247,12
01/01/2024,1011,200279,12
01/01/2024,1012,124074,12
01/01/2024,1013,202279,12
01/01/2024,1014,208186,12
01/01/2024,1015,122294,12
01/01/2024,1016,208897,11
01/01/2024,1016,123812,11
01/01/2024,1018,207814,11
01/01/2024,1019,211501,11
01/01/2024,1020,133291,11
01/01/2024,1021,135753,11
01/01/2024,1022,210295,11
01/01/2024,1023,209517,11
01/01/2024,1024,202326,11
01/01/2024,1025,210140,11
01/01/2024,1026,200598,11
01/01/2024,1027,211564,11
01/01/2024,1028,207996,11
01/01/2024,1029,208277,11
01/01/2024,1030,207661,11
01/01/2024,1031,208668,11
01/01/2024,1032,200007,11
01/01/2024,1033,144937,11
01/01/2024,1034,211474,11
01/01/2024,1035,206590,11
01/01/2024,1036,202345,11
01/01/2024,1037,144925,11
01/01/2024,1038,209959,11
01/01/2024,1039,105226,10
01/01/2024,1040,207901,10
01/01/2024,1041,210557,10
01/01/2024,1042,210478,10
01/01/2024,1043,202307,10
01/01/2024,1044,206873,10
01/01/2024,1045,207907,10
01/01/2024,1046,206888,10
01/01/2024,1047,209866,10
01/01/2024,1048,212219,10
01/01/2024,1049,208649,10
01/01/2024,1050,205690,10
01/01/2024,1051,209346,10
01/01/2024,1052,211638,10
01/01/2024,1052,134244,10
01/01/2024,1054,207788,10
01/01/2024,1055,209280,10
01/01/2024,1056,111181,10
01/01/2024,1057,200315,10
01/01/2024,1058,202231,10
01/01/2024,1059,208151,10
01/01/2024,1060,111192,9
01/01/2024,1061,111512,9
01/01/2024,1062,211738,9
01/01/2024,1062,212598,9
01/01/2024,1062,202258,9
01/01/2024,1065,149278,9
01/01/2024,1066,144682,9
01/01/2024,1067,207202,9
01/01/2024,1068,209334,9
01/01/2024,1069,210714,9
01/01/2024,1070,210345,9
01/01/2024,1071,207288,9
01/01/2024,1072,201938,9
01/01/2024,1073,127087,9
01/01/2024,1074,212089,9
01/01/2024,1075,207794,9
01/01/2024,1076,144874,9
01/01/2024,1076,209171,9
01/01/2024,1078,210315,9
01/01/2024,1079,210230,9
01/01/2024,1080,208401,9
01/01/2024,1081,209930,9
01/01/2024,1082,209971,9
01/01/2024,1082,126488,9
01/01/2024,1084,202439,9
01/01/2024,1085,210604,9
01/01/2024,1086,200565,9
01/01/2024,1087,211608,9
01/01/2024,1088,210652,9
01/01/2024,1089,123851,9
01/01/2024,1090,105216,8
01/01/2024,1090,202290,8
01/01/2024,1092,208565,8
01/01/2024,1093,131866,8
01/01/2024,1094,105385,8
01/01/2024,1095,212203,8
01/01/2024,1096,210545,8
01/01/2024,1097,200643,8
01/01/2024,1098,208206,8
01/01/2024,1099,111202,8
01/01/2024,1099,211409,8
01/01/2024,1101,126590,8
01/01/2024,1102,210687,8
01/01/2024,1103,212051,8
01/01/2024,1103,105899,8
01/01/2024,1103,210274,8
01/01/2024,1106,104665,8
01/01/2024,1107,200487,8
01/01/2024,1108,211727,8
01/01/2024,1109,104947,8
01/01/2024,1110,211621,8
01/01/2024,1110,212047,8
01/01/2024,1112,206921,8
01/01/2024,1113,210212,8
01/01/2024,1114,210308,8
01/01/2024,1115,138688,8
01/01/2024,1116,211604,8
01/01/2024,1117,210110,8
01/01/2024,1118,208083,8
01/01/2024,1119,126216,8
01/01/2024,1120,210686,8
01/01/2024,1120,210153,8
01/01/2024,1122,210683,8
01/01/2024,1123,124126,8
01/01/2024,1123,207220,8
01/01/2024,1125,210754,8
01/01/2024,1126,209264,8
01/01/2024,1127,208243,8
01/01/2024,1127,212024,8
01/01/2024,1129,209401,8
01/01/2024,1130,208250,8
01/01/2024,1131,138605,8
01/01/2024,1132,202418,8
01/01/2024,1133,202128,8
01/01/2024,1134,210507,8
01/01/2024,1134,208267,8
01/01/2024,1136,131867,8
01/01/2024,1137,211661,8
01/01/2024,1138,208294,8
01/01/2024,1138,144955,8
01/01/2024,1140,131910,8
01/01/2024,1141,126581,8
01/01/2024,1142,202125,8
01/01/2024,1143,208866,8
01/01/2024,1144,201995,8
01/01/2024,1145,209403,8
01/01/2024,1146,212250,7
01/01/2024,1147,124187,7
01/01/2024,1148,200419,7
01/01/2024,1148,212160,7
01/01/2024,1150,208613,7
01/01/2024,1151,209060,7
01/01/2024,1152,209962,7
01/01/2024,1153,211901,7
01/01/2024,1154,207181,7
01/01/2024,1155,212246,7
01/01/2024,1155,200702,7
01/01/2024,1157,212082,7
01/01/2024,1158,210434,7
01/01/2024,1158,132134,7
01/01/2024,1160,207994,7
01/01/2024,1161,209338,7
01/01/2024,1162,209124,7
01/01/2024,1163,200242,7
01/01/2024,1164,212274,7
01/01/2024,1165,206573,7
01/01/2024,1165,106132,7
01/01/2024,1167,122520,7
01/01/2024,1168,200386,7
01/01/2024,1169,207368,7
01/01/2024,1169,144745,7
01/01/2024,1171,208138,7
01/01/2024,1172,209330,7
01/01/2024,1173,201967,7
01/01/2024,1173,209940,7
01/01/2024,1173,144730,7
01/01/2024,1173,211611,7
01/01/2024,1177,211596,7
01/01/2024,1178,144665,7
01/01/2024,1179,210182,7
01/01/2024,1180,132351,7
01/01/2024,1180,208874,7
01/01/2024,1182,208873,7
01/01/2024,1183,207277,7
01/01/2024,1184,207248,7
01/01/2024,1185,106026,6
01/01/2024,1186,212057,6
01/01/2024,1187,210730,6
01/01/2024,1188,202281,6
01/01/2024,1188,210312,6
01/01/2024,1190,211543,6
01/01/2024,1191,210567,6
01/01/2024,1192,209116,6
01/01/2024,1192,212216,6
01/01/2024,1194,212075,6
01/01/2024,1195,108749,6
01/01/2024,1195,206856,6
01/01/2024,1197,211593,6
01/01/2024,1197,208052,6
01/01/2024,1199,210339,6
01/01/2024,1199,200606,6
01/01/2024,1201,209099,6
01/01/2024,1201,200012,6
01/01/2024,1203,133224,6
01/01/2024,1204,210727,6
01/01/2024,1204,211542,6
01/01/2024,1206,106175,6
01/01/2024,1207,207772,6
01/01/2024,1207,211566,6
01/01/2024,1209,210526,6
01/01/2024,1209,208466,6
01/01/2024,1211,200378,6
01/01/2024,1212,202374,6
01/01/2024,1213,211505,6
01/01/2024,1214,200531,6
01/01/2024,1215,144949,6
01/01/2024,1216,208229,6
01/01/2024,1217,210211,6
01/01/2024,1218,110773,6
01/01/2024,1218,211337,6
01/01/2024,1220,206225,6
01/01/2024,1221,207391,6
01/01/2024,1222,208188,6
01/01/2024,1223,210175,6
01/01/2024,1224,202334,6
01/01/2024,1225,208533,6
01/01/2024,1226,105262,5
01/01/2024,1227,105438,5
01/01/2024,1228,210207,5
01/01/2024,1228,210008,5
01/01/2024,1230,210720,5
01/01/2024,1231,201987,5
01/01/2024,1231,202366,5
01/01/2024,1231,212280,5
01/01/2024,1234,134113,5
01/01/2024,1235,149108,5
01/01/2024,1236,149142,5
01/01/2024,1236,211708,5
01/01/2024,1236,212491,5
01/01/2024,1239,212241,5
01/01/2024,1239,211711,5
01/01/2024,1241,210565,5
01/01/2024,1242,211480,5
01/01/2024,1242,211325,5
01/01/2024,1244,210560,5
01/01/2024,1245,211450,5
01/01/2024,1245,210726,5
01/01/2024,1245,211787,5
01/01/2024,1248,210464,5
01/01/2024,1249,200457,5
01/01/2024,1249,208542,5
01/01/2024,1251,121497,5
01/01/2024,1251,123858,5
01/01/2024,1253,209241,5
01/01/2024,1253,211650,5
01/01/2024,1253,210486,5
01/01/2024,1253,124099,5
01/01/2024,1253,211389,5
01/01/2024,1258,212461,5
01/01/2024,1259,209206,5
01/01/2024,1260,210629,5
01/01/2024,1261,125816,5
01/01/2024,1262,212090,5
01/01/2024,1262,200080,5
01/01/2024,1264,211522,5
01/01/2024,1264,210511,5
01/01/2024,1264,210397,5
01/01/2024,1267,206782,5
01/01/2024,1267,211533,5
01/01/2024,1267,126151,5
01/01/2024,1270,109737,5
01/01/2024,1271,208342,5
01/01/2024,1272,208726,5
01/01/2024,1272,207209,5
01/01/2024,1272,106154,5
01/01/2024,1272,210753,5
01/01/2024,1272,200233,5
01/01/2024,1272,210732,5
01/01/2024,1278,212272,5
01/01/2024,1279,208147,5
01/01/2024,1280,210009,5
01/01/2024,1281,133863,5
01/01/2024,1281,211366,5
01/01/2024,1283,210580,5
01/01/2024,1284,200291,5
01/01/2024,1285,202449,5
01/01/2024,1285,212025,5
01/01/2024,1287,209354,5
01/01/2024,1288,132137,5
01/01/2024,1288,212059,5
01/01/2024,1290,206735,5
01/01/2024,1290,211676,5
01/01/2024,1290,200692,5
01/01/2024,1293,205887,5
01/01/2024,1294,202220,5
01/01/2024,1295,208532,5
01/01/2024,1296,105894,4
01/01/2024,1296,212311,4
01/01/2024,1298,206091,4
01/01/2024,1299,111508,4
01/01/2024,1299,208130,4
01/01/2024,1299,210461,4
01/01/2024,1299,207172,4
01/01/2024,1303,212293,4
01/01/2024,1303,209852,4
01/01/2024,1305,105786,4
01/01/2024,1306,106184,4
01/01/2024,1306,209879,4
01/01/2024,1306,211617,4
01/01/2024,1309,149106,4
01/01/2024,1309,126630,4
01/01/2024,1309,212301,4
01/01/2024,1312,210409,4
01/01/2024,1313,210554,4
01/01/2024,1313,211652,4
01/01/2024,1315,209167,4
01/01/2024,1316,127999,4
01/01/2024,1317,210436,4
01/01/2024,1318,212286,4
01/01/2024,1318,208925,4
01/01/2024,1318,207256,4
01/01/2024,1318,208430,4
01/01/2024,1322,210651,4
01/01/2024,1322,200187,4
01/01/2024,1324,200050,4
01/01/2024,1324,120545,4
01/01/2024,1326,210719,4
01/01/2024,1327,209955,4
01/01/2024,1327,208178,4
01/01/2024,1329,133667,4
01/01/2024,1329,210260,4
01/01/2024,1329,202077,4
01/01/2024,1329,208297,4
01/01/2024,1329,212020,4
01/01/2024,1334,209412,4
01/01/2024,1334,126464,4
01/01/2024,1336,207478,4
01/01/2024,1336,211767,4
01/01/2024,1338,209090,4
01/01/2024,1338,209947,4
01/01/2024,1340,207676,4
01/01/2024,1340,207756,4
01/01/2024,1342,210733,4
01/01/2024,1342,210063,4
01/01/2024,1344,211514,4
01/01/2024,1344,210693,4
01/01/2024,1346,106360,4
01/01/2024,1346,210218,4
01/01/2024,1346,132017,4
01/01/2024,1349,211364,4
01/01/2024,1349,210599,4
01/01/2024,1349,210394,4
01/01/2024,1349,200205,4
01/01/2024,1353,208185,4
01/01/2024,1353,200125,4
01/01/2024,1355,209921,4
01/01/2024,1355,209956,4
01/01/2024,1357,207796,4
01/01/2024,1357,209314,4
01/01/2024,1357,210670,4
01/01/2024,1357,207386,4
01/01/2024,1357,210160,4
01/01/2024,1362,207461,4
01/01/2024,1363,210174,4
01/01/2024,1363,206556,4
01/01/2024,1365,109908,4
01/01/2024,1365,207781,4
01/01/2024,1365,210447,4
01/01/2024,1365,200635,4
01/01/2024,1365,210058,4
01/01/2024,1370,208015,4
01/01/2024,1371,104905,3
01/01/2024,1371,126623,3
01/01/2024,1371,105723,3
01/01/2024,1371,122394,3
01/01/2024,1371,209974,3
01/01/2024,1371,210091,3
01/01/2024,1371,212469,3
01/01/2024,1371,212467,3
01/01/2024,1371,104999,3
01/01/2024,1380,149265,3
01/01/2024,1380,126953,3
01/01/2024,1382,207607,3
01/01/2024,1382,211692,3
01/01/2024,1382,210475,3
01/01/2024,1385,211695,3
01/01/2024,1385,210433,3
01/01/2024,1385,210293,3
01/01/2024,1385,200009,3
01/01/2024,1389,212068,3
01/01/2024,1389,211396,3
01/01/2024,1389,209176,3
01/01/2024,1389,211315,3
01/01/2024,1389,207331,3
01/01/2024,1389,208816,3
01/01/2024,1389,208164,3
01/01/2024,1389,212256,3
01/01/2024,1389,209395,3
01/01/2024,1398,207229,3
01/01/2024,1398,210734,3
01/01/2024,1400,208099,3
01/01/2024,1400,104544,3
01/01/2024,1402,212129,3
01/01/2024,1402,211756,3
01/01/2024,1402,209999,3
01/01/2024,1402,209115,3
01/01/2024,1402,209394,3
01/01/2024,1407,117365,3
01/01/2024,1407,212298,3
01/01/2024,1407,212202,3
01/01/2024,1410,105478,3
01/01/2024,1410,212098,3
01/01/2024,1412,210099,3
01/01/2024,1412,207682,3
01/01/2024,1412,205825,3
01/01/2024,1412,211387,3
01/01/2024,1412,105607,3
01/01/2024,1412,207404,3
01/01/2024,1412,212285,3
01/01/2024,1412,211758,3
01/01/2024,1412,212221,3
01/01/2024,1421,121816,3
01/01/2024,1421,210569,3
01/01/2024,1421,104559,3
01/01/2024,1421,212296,3
01/01/2024,1421,104729,3
01/01/2024,1426,210437,3
01/01/2024,1427,211530,3
01/01/2024,1427,132361,3
01/01/2024,1427,210181,3
01/01/2024,1427,209979,3
01/01/2024,1427,210546,3
01/01/2024,1427,210477,3
01/01/2024,1427,210691,3
01/01/2024,1427,209362,3
01/01/2024,1435,207219,3
01/01/2024,1435,206916,3
01/01/2024,1435,200622,3
01/01/2024,1435,210577,3
01/01/2024,1439,207378,3
01/01/2024,1439,209046,3
01/01/2024,1441,133880,3
01/01/2024,1441,210709,3
01/01/2024,1441,105598,3
01/01/2024,1441,205883,3
01/01/2024,1441,210705,3
01/01/2024,1441,210076,3
01/01/2024,1441,208818,3
01/01/2024,1441,209989,3
01/01/2024,1441,208753,3
01/01/2024,1441,210537,3
01/01/2024,1441,104986,3
01/01/2024,1441,210342,3
01/01/2024,1453,211345,3
01/01/2024,1453,208358,3
01/01/2024,1453,208276,3
01/01/2024,1456,210521,3
01/01/2024,1456,200062,3
01/01/2024,1456,212069,3
01/01/2024,1456,111772,3
01/01/2024,1456,209202,3
01/01/2024,1456,207419,3
01/01/2024,1456,207808,3
01/01/2024,1456,211790,3
01/01/2024,1456,211694,3
01/01/2024,1456,126711,3
01/01/2024,1456,200166,3
01/01/2024,1467,200474,3
01/01/2024,1467,212139,3
01/01/2024,1467,210047,3
01/01/2024,1467,210448,3
01/01/2024,1467,138846,3
01/01/2024,1472,202348,3
01/01/2024,1473,200541,3
01/01/2024,1473,210735,3
01/01/2024,1473,209975,3
01/01/2024,1476,202192,3
01/01/2024,1476,211574,3
01/01/2024,1476,210575,3
01/01/2024,1476,109207,3
01/01/2024,1476,209281,3
01/01/2024,1481,134833,3
01/01/2024,1481,210470,3
01/01/2024,1483,210650,3
01/01/2024,1483,202079,3
01/01/2024,1485,208003,3
01/01/2024,1485,208519,3
01/01/2024,1487,210229,3
01/01/2024,1488,144652,2
01/01/2024,1488,124147,2
01/01/2024,1488,106354,2
01/01/2024,1488,104797,2
01/01/2024,1488,123854,2
01/01/2024,1488,208028,2
01/01/2024,1488,122635,2
01/01/2024,1488,105874,2
01/01/2024,1488,105801,2
01/01/2024,1488,210011,2
01/01/2024,1488,105441,2
01/01/2024,1488,105156,2
01/01/2024,1500,110647,2
01/01/2024,1500,212190,2
01/01/2024,1500,211897,2
01/01/2024,1500,210188,2
01/01/2024,1500,206669,2
01/01/2024,1500,103175,2
01/01/2024,1500,209306,2
01/01/2024,1500,211493,2
01/01/2024,1500,210206,2
01/01/2024,1500,136648,2
01/01/2024,1510,212174,2
01/01/2024,1510,208697,2
01/01/2024,1510,209183,2
01/01/2024,1510,210454,2
01/01/2024,1510,209058,2
01/01/2024,1510,209510,2
01/01/2024,1510,211484,2
01/01/2024,1510,202165,2
01/01/2024,1510,208370,2
01/01/2024,1510,210185,2
01/01/2024,1510,207972,2
01/01/2024,1510,207851,2
01/01/2024,1510,212260,2
01/01/2024,1510,211651,2
01/01/2024,1510,144803,2
01/01/2024,1525,208785,2
01/01/2024,1525,212462,2
01/01/2024,1525,208603,2
01/01/2024,1525,212171,2
01/01/2024,1525,212104,2
01/01/2024,1525,212218,2
01/01/2024,1525,200105,2
01/01/2024,1525,208355,2
01/01/2024,1525,210483,2
01/01/2024,1534,209108,2
01/01/2024,1534,149266,2
01/01/2024,1534,106391,2
01/01/2024,1534,210525,2
01/01/2024,1534,210257,2
01/01/2024,1534,212309,2
01/01/2024,1534,212142,2
01/01/2024,1534,206329,2
01/01/2024,1534,209895,2
01/01/2024,1534,149152,2
01/01/2024,1534,208201,2
01/01/2024,1534,210424,2
01/01/2024,1534,210149,2
01/01/2024,1534,207456,2
01/01/2024,1534,206657,2
01/01/2024,1534,212158,2
01/01/2024,1534,134085,2
01/01/2024,1534,210301,2
01/01/2024,1534,127443,2
01/01/2024,1534,212235,2
01/01/2024,1534,211740,2
01/01/2024,1555,210423,2
01/01/2024,1555,210444,2
01/01/2024,1555,210348,2
01/01/2024,1555,106347,2
01/01/2024,1555,200289,2
01/01/2024,1560,212144,2
01/01/2024,1560,124045,2
01/01/2024,1560,210504,2
01/01/2024,1560,208853,2
01/01/2024,1560,207748,2
01/01/2024,1560,202287,2
01/01/2024,1560,208554,2
01/01/2024,1560,212067,2
01/01/2024,1560,200708,2
01/01/2024,1560,206673,2
01/01/2024,1560,212284,2
01/01/2024,1560,212288,2
01/01/2024,1560,212251,2
01/01/2024,1560,127326,2
01/01/2024,1560,207958,2
01/01/2024,1560,211335,2
01/01/2024,1560,202361,2
01/01/2024,1560,212137,2
01/01/2024,1560,208418,2
01/01/2024,1560,130493,2
01/01/2024,1560,149120,2
01/01/2024,1560,211572,2
01/01/2024,1582,211479,2
01/01/2024,1582,212150,2
01/01/2024,1582,206323,2
01/01/2024,1582,202318,2
01/01/2024,1586,212291,2
01/01/2024,1586,212263,2
01/01/2024,1586,207761,2
01/01/2024,1586,212304,2
01/01/2024,1586,210623,2
01/01/2024,1586,208821,2
01/01/2024,1586,210166,2
01/01/2024,1586,212265,2
01/01/2024,1586,144871,2
01/01/2024,1586,208498,2
01/01/2024,1586,211747,2
01/01/2024,1586,210195,2
01/01/2024,1586,210640,2
01/01/2024,1586,209075,2
01/01/2024,1586,126551,2
01/01/2024,1601,207739,2
01/01/2024,1601,126199,2
01/01/2024,1601,210104,2
01/01/2024,1604,210037,2
01/01/2024,1604,212295,2
01/01/2024,1604,210592,2
01/01/2024,1604,210108,2
01/01/2024,1604,211904,2
01/01/2024,1604,209384,2
01/01/2024,1604,207934,2
01/01/2024,1604,210522,2
01/01/2024,1604,211511,2
01/01/2024,1604,106353,2
01/01/2024,1604,210002,2
01/01/2024,1604,202323,2
01/01/2024,1604,212119,2
01/01/2024,1604,208428,2
01/01/2024,1604,109946,2
01/01/2024,1604,208304,2
01/01/2024,1604,209402,2
01/01/2024,1604,210190,2
01/01/2024,1604,207826,2
01/01/2024,1604,208255,2
01/01/2024,1604,209513,2
01/01/2024,1604,104615,2
01/01/2024,1626,211768,2
01/01/2024,1626,211322,2
01/01/2024,1626,209198,2
01/01/2024,1629,122081,2
01/01/2024,1629,211453,2
01/01/2024,1629,212194,2
01/01/2024,1629,211524,2
01/01/2024,1629,209316,2
01/01/2024,1629,210416,2
01/01/2024,1629,208718,2
01/01/2024,1629,207738,2
01/01/2024,1629,211735,2
01/01/2024,1638,208479,2
01/01/2024,1639,210744,2
01/01/2024,1639,210607,2
01/01/2024,1639,208039,2
01/01/2024,1639,210712,2
01/01/2024,1639,201903,2
01/01/2024,1639,212248,2
01/01/2024,1639,202369,2
01/01/2024,1646,208608,2
01/01/2024,1647,209967,2
01/01/2024,1647,209127,2
01/01/2024,1647,208806,2
01/01/2024,1647,210570,2
01/01/2024,1647,210248,2
01/01/2024,1647,208249,2
01/01/2024,1647,212086,2
01/01/2024,1647,210535,2
01/01/2024,1647,125833,2
01/01/2024,1647,208890,2
01/01/2024,1657,210657,2
01/01/2024,1657,202335,2
01/01/2024,1657,134545,2
01/01/2024,1657,210003,2
01/01/2024,1657,105102,2
01/01/2024,1657,126758,2
01/01/2024,1657,211763,2
01/01/2024,1657,210124,2
01/01/2024,1657,210329,2
01/01/2024,1666,208179,2
01/01/2024,1667,211388,2
01/01/2024,1667,209253,2
01/01/2024,1667,209973,2
01/01/2024,1670,211495,2
01/01/2024,1670,212076,2
01/01/2024,1672,132124,1
01/01/2024,1672,212481,1
01/01/2024,1672,207710,1
01/01/2024,1672,133185,1
01/01/2024,1672,149117,1
01/01/2024,1672,105536,1
01/01/2024,1672,132575,1
01/01/2024,1672,148679,1
01/01/2024,1672,212199,1
01/01/2024,1672,212275,1
01/01/2024,1672,212254,1
01/01/2024,1672,149134,1
01/01/2024,1672,105978,1
01/01/2024,1672,207730,1
01/01/2024,1672,200278,1
01/01/2024,1672,202159,1
01/01/2024,1672,212515,1
01/01/2024,1672,211457,1
01/01/2024,1672,210443,1
01/01/2024,1672,207344,1
01/01/2024,1672,121604,1
01/01/2024,1672,212523,1
01/01/2024,1672,209207,1
01/01/2024,1672,212529,1
01/01/2024,1672,207759,1
01/01/2024,1672,106321,1
01/01/2024,1672,212244,1
01/01/2024,1672,200061,1
01/01/2024,1672,212463,1
01/01/2024,1672,207834,1
01/01/2024,1672,210742,1
01/01/2024,1672,212476,1
01/01/2024,1672,212558,1
01/01/2024,1672,207804,1
01/01/2024,1672,212593,1
01/01/2024,1672,126508,1
01/01/2024,1672,207665,1
01/01/2024,1672,208295,1
01/01/2024,1672,148670,1
01/01/2024,1672,211716,1
01/01/2024,1672,200389,1
01/01/2024,1672,210747,1
01/01/2024,1672,210051,1
01/01/2024,1672,209208,1
01/01/2024,1672,207836,1
01/01/2024,1672,200298,1
01/01/2024,1672,212470,1
01/01/2024,1672,212619,1
01/01/2024,1672,211509,1
01/01/2024,1672,212541,1
01/01/2024,1672,209914,1
01/01/2024,1672,144807,1
01/01/2024,1672,126737,1
01/01/2024,1672,210401,1
01/01/2024,1672,212300,1
01/01/2024,1672,205763,1
01/01/2024,1672,105688,1
01/01/2024,1672,202096,1
01/01/2024,1672,206710,1
01/01/2024,1672,212313,1
01/01/2024,1672,111172,1
01/01/2024,1672,208660,1
01/01/2024,1672,105079,1
01/01/2024,1672,204970,1
01/01/2024,1672,211724,1
01/01/2024,1672,210664,1
01/01/2024,1672,212282,1
01/01/2024,1672,124052,1
01/01/2024,1672,211700,1
01/01/2024,1672,212294,1
01/01/2024,1672,212616,1
01/01/2024,1672,210322,1
01/01/2024,1672,125832,1
01/01/2024,1672,212581,1
01/01/2024,1672,210278,1
01/01/2024,1672,210405,1
01/01/2024,1672,212550,1
01/01/2024,1672,149153,1
01/01/2024,1672,210316,1
01/01/2024,1672,212405,1
01/01/2024,1672,102772,1
01/01/2024,1672,208124,1
01/01/2024,1754,212510,1
01/01/2024,1754,209104,1
01/01/2024,1754,210514,1
01/01/2024,1754,212253,1
01/01/2024,1754,209205,1
01/01/2024,1754,122632,1
01/01/2024,1754,126780,1
01/01/2024,1754,128065,1
01/01/2024,1754,206678,1
01/01/2024,1754,209968,1
01/01/2024,1754,149143,1
01/01/2024,1754,209093,1
01/01/2024,1754,212192,1
01/01/2024,1754,212497,1
01/01/2024,1754,210283,1
01/01/2024,1754,210756,1
01/01/2024,1754,212105,1
01/01/2024,1754,121667,1
01/01/2024,1754,212465,1
01/01/2024,1754,210562,1
01/01/2024,1754,207389,1
01/01/2024,1754,149131,1
01/01/2024,1754,210215,1
01/01/2024,1754,210291,1
01/01/2024,1754,209392,1
01/01/2024,1754,122109,1
01/01/2024,1754,212046,1
01/01/2024,1754,212258,1
01/01/2024,1754,212537,1
01/01/2024,1754,212182,1
01/01/2024,1754,210654,1
01/01/2024,1754,206003,1
01/01/2024,1754,212588,1
01/01/2024,1754,210484,1
01/01/2024,1754,210591,1
01/01/2024,1754,210643,1
01/01/2024,1754,211669,1
01/01/2024,1754,212276,1
01/01/2024,1754,208417,1
01/01/2024,1754,134049,1
01/01/2024,1754,149842,1
01/01/2024,1754,211585,1
01/01/2024,1754,211363,1
01/01/2024,1754,209387,1
01/01/2024,1754,211742,1
01/01/2024,1754,212507,1
01/01/2024,1754,212184,1
01/01/2024,1754,212043,1
01/01/2024,1754,210722,1
01/01/2024,1754,149128,1
01/01/2024,1754,210736,1
01/01/2024,1754,211670,1
01/01/2024,1754,212252,1
01/01/2024,1754,116985,1
01/01/2024,1754,126088,1
01/01/2024,1754,202417,1
01/01/2024,1754,212033,1
01/01/2024,1754,210476,1
01/01/2024,1754,106074,1
01/01/2024,1754,125843,1
01/01/2024,1754,212575,1
01/01/2024,1754,209396,1
01/01/2024,1754,133987,1
01/01/2024,1754,206479,1
01/01/2024,1754,210494,1
01/01/2024,1754,211575,1
01/01/2024,1754,208211,1
01/01/2024,1754,208456,1
01/01/2024,1754,133018,1
01/01/2024,1754,210381,1
01/01/2024,1754,211567,1
01/01/2024,1754,208094,1
01/01/2024,1754,207348,1
01/01/2024,1754,202234,1
01/01/2024,1754,149163,1
01/01/2024,1754,206580,1
01/01/2024,1754,208864,1
01/01/2024,1754,207587,1
01/01/2024,1754,208365,1
01/01/2024,1754,207230,1
01/01/2024,1754,127158,1
01/01/2024,1754,202419,1
01/01/2024,1754,211733,1
01/01/2024,1754,210608,1
01/01/2024,1754,210713,1
01/01/2024,1754,210453,1
01/01/2024,1754,212128,1
01/01/2024,1754,209315,1
01/01/2024,1754,134194,1
01/01/2024,1754,208426,1
01/01/2024,1754,212546,1
01/01/2024,1754,212464,1
01/01/2024,1754,212459,1
01/01/2024,1754,211647,1
01/01/2024,1754,148671,1
01/01/2024,1754,206281,1
01/01/2024,1754,121903,1
01/01/2024,1754,210688,1
01/01/2024,1754,211465,1
01/01/2024,1853,209267,1
01/01/2024,1853,209520,1
01/01/2024,1853,134310,1
01/01/2024,1853,211392,1
01/01/2024,1853,211588,1
01/01/2024,1853,211723,1
01/01/2024,1853,148676,1
01/01/2024,1853,211323,1
01/01/2024,1853,109732,1
01/01/2024,1853,212154,1
01/01/2024,1853,207757,1
01/01/2024,1853,209154,1
01/01/2024,1853,210309,1
01/01/2024,1853,210748,1
01/01/2024,1853,208237,1
01/01/2024,1853,210595,1
01/01/2024,1853,212262,1
01/01/2024,1853,212116,1
01/01/2024,1853,206518,1
01/01/2024,1853,211341,1
01/01/2024,1853,207649,1
01/01/2024,1853,212518,1
01/01/2024,1853,105787,1
01/01/2024,1853,210035,1
01/01/2024,1853,208197,1
01/01/2024,1853,212072,1
01/01/2024,1853,208835,1
01/01/2024,1853,210563,1
01/01/2024,1853,208264,1
01/01/2024,1853,208809,1
01/01/2024,1853,210441,1
01/01/2024,1853,212136,1
01/01/2024,1853,210697,1
01/01/2024,1853,106245,1
01/01/2024,1853,212055,1
01/01/2024,1853,126280,1
01/01/2024,1853,106357,1
01/01/2024,1853,149139,1
01/01/2024,1853,207688,1
01/01/2024,1853,127187,1
01/01/2024,1853,207374,1
01/01/2024,1853,212305,1
01/01/2024,1853,210550,1
01/01/2024,1853,212210,1
01/01/2024,1853,211536,1
01/01/2024,1853,212278,1
01/01/2024,1853,204737,1
01/01/2024,1853,207731,1
01/01/2024,1853,209905,1
01/01/2024,1853,212148,1
01/01/2024,1853,212283,1
01/01/2024,1853,208431,1
01/01/2024,1853,208855,1
01/01/2024,1853,209954,1
01/01/2024,1853,211772,1
01/01/2024,1853,210328,1
01/01/2024,1853,208829,1
01/01/2024,1853,207232,1
01/01/2024,1853,122617,1
01/01/2024,1853,210520,1
01/01/2024,1853,209216,1
01/01/2024,1853,105464,1
01/01/2024,1853,200250,1
01/01/2024,1853,210644,1
01/01/2024,1853,210284,1
01/01/2024,1853,212035,1
01/01/2024,1853,149268,1
01/01/2024,1853,211674,1
01/01/2024,1853,211698,1
01/01/2024,1853,206402,1
01/01/2024,1923,205831,1
01/01/2024,1923,210492,1
01/01/2024,1923,208780,1
01/01/2024,1923,206299,1
01/01/2024,1923,210579,1
01/01/2024,1923,210698,1
01/01/2024,1923,210491,1
01/01/2024,1923,200456,1
01/01/2024,1923,208216,1
01/01/2024,1923,211649,1
01/01/2024,1923,208729,1
01/01/2024,1923,200199,1
01/01/2024,1923,212157,1
01/01/2024,1923,106390,1
01/01/2024,1923,211557,1
01/01/2024,1923,212562,1
01/01/2024,1923,209900,1
01/01/2024,1923,212312,1
01/01/2024,1923,211635,1
01/01/2024,1923,210400,1
01/01/2024,1923,149124,1
01/01/2024,1923,212270,1
01/01/2024,1923,207228,1
01/01/2024,1923,209981,1
01/01/2024,1923,209332,1
01/01/2024,1923,208036,1
01/01/2024,1923,144913,1
01/01/2024,1923,106301,1
01/01/2024,1923,211658,1
01/01/2024,1923,132433,1
01/01/2024,1923,210540,1
01/01/2024,1923,207132,1
01/01/2024,1923,144658,1
01/01/2024,1923,211496,1
01/01/2024,1923,211601,1
01/01/2024,1923,202190,1
01/01/2024,1923,202305,1
01/01/2024,1923,208160,1
01/01/2024,1923,134057,1
01/01/2024,1923,210420,1
01/01/2024,1923,211332,1
01/01/2024,1923,207664,1
01/01/2024,1923,207559,1
01/01/2024,1923,211791,1
01/01/2024,1923,212088,1
01/01/2024,1923,202413,1
01/01/2024,1923,210666,1
01/01/2024,1923,212070,1
01/01/2024,1923,208440,1
01/01/2024,1972,212039,1
01/01/2024,1972,210746,1
01/01/2024,1972,209945,1
01/01/2024,1972,212307,1
01/01/2024,1972,202230,1
01/01/2024,1972,209417,1
01/01/2024,1972,207780,1
01/01/2024,1972,212156,1
01/01/2024,1972,209130,1
01/01/2024,1972,210092,1
01/01/2024,1972,209859,1
01/01/2024,1972,209978,1
01/01/2024,1972,202244,1
01/01/2024,1972,200616,1
01/01/2024,1972,211519,1
01/01/2024,1972,210183,1
01/01/2024,1972,209925,1
01/01/2024,1972,208867,1
01/01/2024,1972,209993,1
01/01/2024,1972,212037,1
01/01/2024,1972,212155,1
01/01/2024,1972,211497,1
01/01/2024,1972,211610,1
01/01/2024,1972,206334,1
01/01/2024,1996,211690,1
01/01/2024,1996,212132,1
01/01/2024,1996,210289,1
01/01/2024,1996,211581,1
01/01/2024,1996,122257,1
01/01/2024,1996,106160,1
01/01/2024,1996,208314,1
01/01/2024,1996,126429,1
01/01/2024,1996,210016,1
01/01/2024,1996,200681,1
01/01/2024,1996,211336,1
01/01/2024,1996,209043,1
01/01/2024,1996,209965,1
01/01/2024,1996,209516,1
01/01/2024,1996,106164,1
01/01/2024,1996,207173,1
01/01/2024,1996,210589,1
01/01/2024,1996,210455,1
01/01/2024,1996,202427,1
01/01/2024,1996,127964,1
01/01/2024,1996,207190,1
01/01/2024,1996,211326,1
01/01/2024,1996,132018,1
01/01/2024,1996,126971,1
01/01/2024,1996,132606,1
01/01/2024,1996,212220,1
01/01/2024,1996,122570,1
01/01/2024,2023,105419,1
01/01/2024,2023,128041,1
01/01/2024,2023,211722,1
01/01/2024,2023,210456,1
01/01/2024,2023,210531,1
01/01/2024,2023,211508,1
01/01/2024,2023,212180,1
01/01/2024,2023,208914,1
01/01/2024,2023,212245,1
01/01/2024,2023,212230,1
01/01/2024,2023,200559,1
01/01/2024,2023,212029,1
01/01/2024,2023,209948,1
01/01/2024,2023,206579,1
01/01/2024,2023,209977,1
01/01/2024,2023,144662,1
01/01/2024,2039,202314,1
01/01/2024,2039,210101,1
01/01/2024,2039,133082,1
01/01/2024,2039,205941,1
01/01/2024,2043,202217,1
01/01/2024,2043,207580,1
01/01/2024,2043,200045,1
01/01/2024,2043,207982,1
01/01/2024,2043,209118,1
01/01/2024,2043,212103,1
01/01/2024,2049,132712,1
01/01/2024,2049,209035,1
01/01/2024,2049,105812,1
01/01/2024,2052,211458,1
01/01/2024,2052,131888,1
01/01/2024,2052,210236,1
01/01/2024,2052,210649,1
01/01/2024,2052,211765,1
01/01/2024,2057,206385,1
